NO,DATE,TEMP,HUM,PM 1.0,PM 2.5,PM 10,CO2,HCHO,CO,NO2,RN,VOCs,O3,SO2,H2S,O2,NH3,AB,BattV,Heater,Blackout
0,2023-07-20_13:12:18,23.5,72.8,59.1,62.9,64,701,0,0,0,0,8.2,0,0,0,268,0,0,0,0,0
1,2023-07-20_13:13:18,23.5,72.4,57.9,60.9,61.1,697,0,0,0,0,41.3,0,0,0,271,0,0,0,0,0
2,2023-07-20_13:14:19,23.4,70.1,54,56.7,56.7,686,0,0,0,0,125.3,0,0,0,279,0,0,0,0,0
3,2023-07-20_13:15:19,23.3,70.5,54.4,57,57.1,692,0,0,0,0,254.7,0,0,0,284,0,0,0,0,0
4,2023-07-20_13:16:19,23.2,71.1,54.6,57.4,57.6,712,0,0,0,0,272.3,0,0,0,289,0,0,0,0,0
5,2023-07-20_13:17:19,23.2,69.7,52.9,55.5,55.5,733,0,0,0,0,272.4,0,0,0,293,0,0,0,0,0
6,2023-07-20_13:18:19,23.1,70,51.6,54.1,54.1,749,0,0,0,0,361.3,0,0,0,297,0,0,0,0,0
7,2023-07-20_13:19:20,23.1,69.1,52.3,54.9,54.9,762,0,0,0,0,307.8,0,0,0,305,0,0,0,0,0
8,2023-07-20_13:20:20,23.1,70.3,50.4,52.8,52.8,771,0,0,0,0,370.3,0,0,0,308,0,0,0,0,0
9,2023-07-20_13:21:20,23.1,67.8,48.2,50.7,50.8,792,0,0,0,0,298.9,0,0,0,312,0,0,0,0,0
10,2023-07-20_13:22:20,23.1,68.7,47.8,50.3,50.4,816,0,0,0,0,316.6,0,0,0,323,0,0,0,0,0
11,2023-07-20_13:23:20,23.1,66.5,49.6,52,52,819,0,0,0,0,316.6,0,0,0,326,0,0,0,0,0
12,2023-07-20_13:24:21,23.2,66.3,50.8,53.3,53.3,818,0,0,0,0,307.7,0,0,0,332,0,0,0,0,0
13,2023-07-20_13:25:21,23.3,66.8,51.2,53.7,53.7,821,0,0,0,0,370.2,0,0,0,345,0,0,0,0,0
14,2023-07-20_13:26:21,23.3,65.6,48.1,50.4,50.4,839,0,0,0,0,334.3,0,0,0,339,0,0,0,0,0
15,2023-07-20_13:27:21,23.3,66.1,49.7,52.2,52.2,843,0,0,0,0,361.1,0,0,0,363,0,0,0,0,0
16,2023-07-20_13:28:21,23.4,63.6,46.8,49.1,49.1,1007,0,0,0,0,334.2,0,0,0,350,0,0,0,0,0
17,2023-07-20_13:29:22,23.2,60.7,44.3,46.5,46.5,3644,0,0,0,0,325.5,0,0,0,351,0,0,0,0,0
18,2023-07-20_13:30:22,17.8,59.5,43.6,45.8,45.8,5000,0,0,0,0,322.3,0,0,0,356,0,0,0,0,0
19,2023-07-20_13:31:22,23,61.5,44.6,46.8,46.8,5000,0,0,0,0,352.5,0,0,0,358,0,0,0,0,0
20,2023-07-20_13:32:22,23.1,62.5,46.7,48.9,48.9,5000,0,0,0,0,406.6,0,0,0,363,0,0,0,0,0
21,2023-07-20_13:34:18,23.4,63.8,49.2,51.6,51.6,4291,0,0,0,0,33,0,0,0,336,0,0,0,0,0
22,2023-07-20_13:35:18,23.6,63.6,47.2,49.5,49.5,2928,0,0,0,0,254.5,0,0,0,343,0,0,0,0,0
23,2023-07-20_13:36:18,23.7,63.8,47.5,49.8,49.8,2539,0,0,0,0,316,0,0,0,347,0,0,0,0,0
24,2023-07-20_13:37:18,23.9,63.8,48.7,51,51,2194,0,0,0,0,378.4,0,0,0,355,0,0,0,0,0
25,2023-07-20_13:38:19,23.9,64.2,47.6,49.9,49.9,1845,0,0,0,0,307,0,0,0,359,0,0,0,0,0
26,2023-07-20_13:39:19,24,64.5,47.6,49.9,49.9,1680,0,0,0,0,369.3,0,0,0,365,0,0,0,0,0
27,2023-07-20_13:40:19,24.1,64.6,46.1,48.4,48.4,1447,0,0,0,0,306.8,0,0,0,366,0,0,0,0,0
28,2023-07-20_13:41:19,24.2,64.8,47.2,49.5,49.5,1220,0,0,0,0,306.7,0,0,0,386,0,0,0,0,0
29,2023-07-20_13:42:19,24.3,65.1,46.7,48.9,48.9,1094,0,0,0,0,351,0,0,0,375,0,0,0,0,0
30,2023-07-20_13:43:20,24.4,65.8,44.6,46.8,46.8,1004,0,0,0,0,333.1,0,0,0,384,0,0,0,0,0
31,2023-07-20_13:44:20,24.5,65.8,47.2,49.5,49.5,877,0,0,0,0,333,0,0,0,389,0,0,0,0,0
32,2023-07-20_13:45:20,24.7,65.3,43.2,45.3,45.3,814,0,0,0,0,315,0,0,0,391,0,0,0,0,0
33,2023-07-20_13:46:20,24.7,65.1,46.8,49.1,49.1,768,0,0,0,0,341.6,0,0,0,396,0,0,0,0,0
34,2023-07-20_13:47:20,24.9,65.1,45.5,47.7,47.7,730,0,0,0,0,332.6,0,0,0,402,0,0,0,0,0
35,2023-07-20_13:48:21,24.9,63.5,46.9,49.2,49.2,713,0,0,0,0,332.5,0,0,0,407,0,0,0,0,0
36,2023-07-20_13:49:21,25,62.4,45.3,47.5,47.5,1099,0,0,0,0,341.3,0,0,0,408,0,0,0,0,0
37,2023-07-20_13:50:21,25,60.6,44.1,46.3,46.3,2054,0,0,0,0,332.4,0,0,0,421,0,0,0,0,0
38,2023-07-20_13:51:21,25.1,58.6,42.5,44.5,44.5,2159,0,0,0,0,332.2,0,0,0,416,0,0,0,0,0
39,2023-07-20_13:52:21,25.2,57,43,45.1,45.1,2246,0,0,0,0,323.3,0,0,0,422,0,0,0,0,0
40,2023-07-20_13:53:22,25.3,56.1,43.3,45.4,45.4,2282,0,0,0,0,323.2,0,0,0,424,0,0,0,0,0
41,2023-07-20_13:54:22,20.2,54.3,41.1,43.1,43.1,2303,0,0,0,0,328.7,0,0,0,430,0,0,0,0,0
42,2023-07-20_13:55:22,25.3,53.8,43.2,45.3,45.3,2323,0,0,0,0,323.2,0,0,0,433,0,0,0,0,0
43,2023-07-20_13:56:22,25.3,53.6,41.4,43.5,43.5,2361,0,0,0,0,323.2,0,0,0,436,0,0,0,0,0
44,2023-07-20_13:57:22,25.3,54.9,40.8,42.7,42.7,2418,0,0,0,0,332.1,0,0,0,437,0,0,0,0,0
45,2023-07-20_13:58:23,25.3,56.2,43.4,45.5,45.5,2534,0,0,0,0,367.7,0,0,0,443,0,0,0,0,0
46,2023-07-20_13:59:23,25.3,57.3,43,45.1,45.1,2760,0,0,0,0,358.7,0,0,0,464,0,0,0,0,0
47,2023-07-20_14:00:23,25.3,58.4,44.1,46.3,46.3,2966,0,0,0,0,367.7,0,0,0,454,0,0,0,0,0
48,2023-07-20_14:01:23,25.3,59.4,43.4,45.5,45.5,3134,0,0,0,0,367.7,0,0,0,458,0,0,0,0,0
49,2023-07-20_14:02:24,25.3,59.6,42.2,44.3,44.3,3256,0,0,0,0,358.7,0,0,0,457,0,0,0,0,0
50,2023-07-20_14:03:24,25.4,57.9,42.8,44.9,44.9,3332,0,0,0,0,349.7,0,0,0,467,0,0,0,0,0
51,2023-07-20_14:04:24,25.5,56.1,41.8,43.8,43.8,3379,0,0,0,0,349.7,0,0,0,468,0,0,0,0,0
52,2023-07-20_14:05:24,25.5,55.3,43.9,46,46,3409,0,0,0,0,340.7,0,0,0,471,0,0,0,0,0
53,2023-07-20_14:06:24,20.4,55.1,39.5,41.4,41.4,3412,0,0,0,0,346.5,0,0,0,482,0,0,0,0,0
54,2023-07-20_14:07:25,25.5,54.7,40.7,42.7,42.7,3416,0,0,0,0,340.7,0,0,0,477,0,0,0,0,0
55,2023-07-20_14:08:25,25.5,54.3,42.5,44.6,44.6,3407,0,0,0,0,349.7,0,0,0,491,0,0,0,0,0
56,2023-07-20_14:09:25,25.5,55.3,41.9,43.9,43.9,3395,0,0,0,0,349.7,0,0,0,484,0,0,0,0,0
57,2023-07-20_14:10:25,25.4,56.3,40.9,42.9,42.9,3387,0,0,0,0,367.5,0,0,0,488,0,0,0,0,0
58,2023-07-20_14:11:25,25.4,57.1,42.4,44.5,44.5,3384,0,0,0,0,358.6,0,0,0,491,0,0,0,0,0
59,2023-07-20_14:12:26,25.5,57.7,41.2,43.2,43.2,3368,0,0,0,0,349.6,0,0,0,496,0,0,0,0,0
60,2023-07-20_14:13:26,25.6,58.5,41.5,43.5,43.5,3328,0,0,0,0,349.6,0,0,0,500,0,0,0,0,0
61,2023-07-20_14:14:26,25.6,59,39.5,41.4,41.4,2997,0,0,0,0,349.5,0,0,0,506,0,0,0,0,0
62,2023-07-20_14:15:26,25.6,58.9,43.7,45.8,45.8,2687,0,0,0,0,349.5,0,0,0,513,0,0,0,0,0
63,2023-07-20_14:16:26,25.7,59,42.9,45,45,2247,0,0,0,0,340.5,0,0,0,514,0,0,0,0,0
64,2023-07-20_15:36:47,24,68.6,46.7,49.5,50.1,580,0,0,0,0,8.2,0,0,0,263,0,0,0,0,0
65,2023-07-20_15:37:47,23.9,70.1,43.6,45.7,45.7,572,0,0,0,0,57.9,0,0,0,269,0,0,0,0,0
66,2023-07-20_15:38:47,23.8,69.7,42.4,44.5,44.6,579,0,0,0,0,159.2,0,0,0,274,0,0,0,0,0
67,2023-07-20_15:39:47,23.7,69.8,41.3,43.3,43.3,583,0,0,0,0,271.9,0,0,0,278,0,0,0,0,0
68,2023-07-20_15:40:48,23.6,70.3,39.9,41.9,41.9,647,0,0,0,0,280.8,0,0,0,282,0,0,0,0,0
69,2023-07-20_15:41:48,23.6,69,40.2,42.2,42.3,1522,0,0,0,0,307.3,0,0,0,285,0,0,0,0,0
70,2023-07-20_15:42:48,23.5,67.5,38.4,40.3,40.3,2402,0,0,0,0,272.1,0,0,0,294,0,0,0,0,0
71,2023-07-20_15:43:48,23.5,66,38.8,40.7,40.7,2852,0,0,0,0,289.7,0,0,0,293,0,0,0,0,0
72,2023-07-20_15:44:48,23.5,66.1,39,40.9,40.9,2168,0,0,0,0,289.7,0,0,0,304,0,0,0,0,0
73,2023-07-20_15:45:49,23.5,63.7,38.9,40.8,40.8,1982,0,0,0,0,298.5,0,0,0,308,0,0,0,0,0
74,2023-07-20_15:46:49,23.5,61.9,37.3,39.1,39.1,1872,0,0,0,0,298.6,0,0,0,310,0,0,0,0,0
75,2023-07-20_15:47:49,23.4,60.4,36.3,38,38,1830,0,0,0,0,289.7,0,0,0,312,0,0,0,0,0
76,2023-07-20_15:48:49,23.4,59.4,38.3,40.2,40.2,1801,0,0,0,0,307.4,0,0,0,322,0,0,0,0,0
77,2023-07-20_15:49:49,23.4,59.6,37,38.8,38.8,1780,0,0,0,0,298.7,0,0,0,328,0,0,0,0,0
78,2023-07-20_15:50:50,23.4,61.7,37,38.8,38.8,1757,0,0,0,0,379,0,0,0,331,0,0,0,0,0
79,2023-07-20_15:51:50,23.4,61.6,35.7,37.4,37.4,1747,0,0,0,0,352.1,0,0,0,334,0,0,0,0,0
80,2023-07-20_15:52:50,23.4,61.5,34.5,36.2,36.2,1734,0,0,0,0,352.1,0,0,0,346,0,0,0,0,0
81,2023-07-20_15:53:50,23.4,63.1,36.8,38.6,38.6,1713,0,0,0,0,352,0,0,0,342,0,0,0,0,0
82,2023-07-20_15:54:50,23.5,63.7,35.9,37.7,37.7,1699,0,0,0,0,369.9,0,0,0,358,0,0,0,0,0
83,2023-07-20_15:55:51,23.6,63.3,33.8,35.5,35.5,1699,0,0,0,0,369.8,0,0,0,354,0,0,0,0,0
84,2023-07-20_15:56:51,23.7,62.3,34.7,36.4,36.4,1685,0,0,0,0,360.7,0,0,0,358,0,0,0,0,0
85,2023-07-20_15:57:51,23.7,59.8,34.4,36.1,36.1,1676,0,0,0,0,351.7,0,0,0,359,0,0,0,0,0
86,2023-07-20_15:58:51,23.8,58,34.7,36.3,36.3,1666,0,0,0,0,342.7,0,0,0,364,0,0,0,0,0
87,2023-07-20_15:59:51,23.8,57.2,35.4,37.1,37.1,1652,0,0,0,0,342.6,0,0,0,370,0,0,0,0,0
88,2023-07-20_16:00:52,23.8,56.5,34.8,36.5,36.5,1642,0,0,0,0,333.7,0,0,0,374,0,0,0,0,0
89,2023-07-20_16:01:52,23.8,57.2,35.1,36.8,36.8,1628,0,0,0,0,333.7,0,0,0,380,0,0,0,0,0
90,2023-07-20_16:02:52,23.8,57.8,33.9,35.6,35.6,1614,0,0,0,0,333.8,0,0,0,380,0,0,0,0,0
91,2023-07-20_16:03:52,23.8,58.5,33.8,35.4,35.4,1600,0,0,0,0,333.8,0,0,0,398,0,0,0,0,0
92,2023-07-20_16:04:52,23.8,59.1,32.5,34.1,34.1,1590,0,0,0,0,333.8,0,0,0,391,0,0,0,0,0
93,2023-07-20_16:05:53,23.8,59.9,34.6,36.3,36.3,1582,0,0,0,0,342.7,0,0,0,395,0,0,0,0,0
94,2023-07-20_16:06:53,23.8,60.8,35.1,36.8,36.8,1573,0,0,0,0,360.5,0,0,0,401,0,0,0,0,0
95,2023-07-20_16:07:53,23.9,61.1,33,34.6,34.6,1563,0,0,0,0,378.4,0,0,0,404,0,0,0,0,0
96,2023-07-20_16:08:53,23.9,60.5,34.4,36,36,1555,0,0,0,0,369.4,0,0,0,408,0,0,0,0,0
97,2023-07-20_16:09:53,24,60.5,34.2,35.9,35.9,1551,0,0,0,0,360.3,0,0,0,409,0,0,0,0,0
98,2023-07-20_16:10:54,24,57.8,34.9,36.6,36.6,1545,0,0,0,0,333.5,0,0,0,418,0,0,0,0,0
99,2023-07-20_16:11:54,24.1,57.2,32.1,33.7,33.7,1532,0,0,0,0,333.4,0,0,0,420,0,0,0,0,0
100,2023-07-20_16:12:54,24.1,55.9,31.8,33.3,33.3,1522,0,0,0,0,333.4,0,0,0,433,0,0,0,0,0
101,2023-07-20_16:13:54,24.1,54.8,33.5,35.2,35.2,1511,0,0,0,0,324.5,0,0,0,426,0,0,0,0,0
102,2023-07-20_16:14:54,24.1,55,35,36.7,36.7,1497,0,0,0,0,333.4,0,0,0,455,0,0,0,0,0
103,2023-07-20_16:15:55,24.1,55.5,34.6,36.3,36.3,1488,0,0,0,0,324.5,0,0,0,434,0,0,0,0,0
104,2023-07-20_16:16:55,24.1,56,33.2,34.8,34.8,1482,0,0,0,0,342.3,0,0,0,438,0,0,0,0,0
105,2023-07-20_16:17:55,24.1,56.2,33.7,35.4,35.4,1474,0,0,0,0,333.4,0,0,0,440,0,0,0,0,0
106,2023-07-20_16:18:55,24.1,56.8,32.7,34.3,34.3,1455,0,0,0,0,333.4,0,0,0,443,0,0,0,0,0
107,2023-07-20_16:19:56,24.1,57.6,31.8,33.4,33.4,1450,0,0,0,0,342.3,0,0,0,449,0,0,0,0,0
108,2023-07-20_16:20:56,24.1,58.5,31.3,32.9,32.9,1436,0,0,0,0,351.2,0,0,0,454,0,0,0,0,0
109,2023-07-20_16:21:56,24.1,58.7,31.5,33,33,1425,0,0,0,0,369.2,0,0,0,469,0,0,0,0,0
110,2023-07-20_16:22:56,24.1,58.3,32.5,34.1,34.1,1423,0,0,0,0,360.1,0,0,0,461,0,0,0,0,0
111,2023-07-20_16:23:56,24.2,56.6,32.4,34,34,1420,0,0,0,0,342.2,0,0,0,485,0,0,0,0,0
112,2023-07-20_16:24:57,24.3,54.7,31.9,33.4,33.4,1412,0,0,0,0,288.9,0,0,0,468,0,0,0,0,0
113,2023-07-20_16:25:57,24.3,53.3,32.8,34.4,34.4,1404,0,0,0,0,262.6,0,0,0,473,0,0,0,0,0
114,2023-07-20_16:26:57,24.3,52.7,32.3,33.9,33.9,1396,0,0,0,0,236.4,0,0,0,476,0,0,0,0,0
115,2023-07-20_16:27:57,24.3,52.5,33.3,34.9,34.9,1386,0,0,0,0,227.7,0,0,0,479,0,0,0,0,0
116,2023-07-20_16:28:57,24.3,53.6,31.4,32.9,32.9,1378,0,0,0,0,219.1,0,0,0,480,0,0,0,0,0
117,2023-07-20_16:29:58,24.2,54.2,32.4,34,34,1378,0,0,0,0,236.5,0,0,0,484,0,0,0,0,0
118,2023-07-20_16:30:58,24.3,54.8,31.4,32.9,32.9,1369,0,0,0,0,253.9,0,0,0,499,0,0,0,0,0
119,2023-07-20_16:31:58,24.2,55.4,33.9,35.5,35.5,1364,0,0,0,0,333.2,0,0,0,498,0,0,0,0,0
120,2023-07-20_16:32:58,24.2,56.1,32.8,34.4,34.4,1349,0,0,0,0,487.4,0,0,0,495,0,0,0,0,0
121,2023-07-20_16:33:58,24.2,56.8,30.7,32.2,32.2,1345,0,0,0,0,628.5,0,0,0,497,0,0,0,0,0
122,2023-07-20_16:34:59,24.2,57.5,32.5,34.1,34.1,1328,0,0,0,0,628.5,0,0,0,503,0,0,0,0,0
123,2023-07-20_16:35:59,24.2,58,30.3,31.8,31.8,1327,0,0,0,0,814.4,0,0,0,503,0,0,0,0,0
124,2023-07-20_16:36:59,24.2,58.2,30.2,31.6,31.6,1325,0,0,0,0,844.4,0,0,0,506,0,0,0,0,0
125,2023-07-20_16:37:59,24.3,57,30.7,32.2,32.2,1318,0,0,0,0,784.2,0,0,0,520,0,0,0,0,0
126,2023-07-20_16:38:59,24.4,55.5,31.1,32.6,32.6,1309,0,0,0,0,647.3,0,0,0,514,0,0,0,0,0
127,2023-07-20_16:40:00,24.4,54.1,33,34.6,34.6,1297,0,0,0,0,590,0,0,0,528,0,0,0,0,0
128,2023-07-20_16:41:00,24.4,52.9,31,32.5,32.5,1293,0,0,0,0,404.9,0,0,0,524,0,0,0,0,0
129,2023-07-20_16:42:00,24.4,52.8,31.4,33,33,1283,0,0,0,0,342,0,0,0,527,0,0,0,0,0
130,2023-07-20_16:43:00,24.4,53.6,31,32.6,32.8,1284,0,0,0,0,342,0,0,0,528,0,0,0,0,0
131,2023-07-20_16:44:00,24.3,54.2,31.4,32.9,32.9,1279,0,0,0,0,289,0,0,0,531,0,0,0,0,0
132,2023-07-20_16:45:01,24.2,55,29.8,31.3,31.3,1272,0,0,0,0,342.2,0,0,0,534,0,0,0,0,0
133,2023-07-20_16:46:01,24.1,55.7,31.6,33.2,33.2,1259,0,0,0,0,441.6,0,0,0,540,0,0,0,0,0
134,2023-07-20_16:47:01,24.2,56.3,32.5,34.1,34.1,1253,0,0,0,0,441.5,0,0,0,550,0,0,0,0,0
135,2023-07-20_16:48:01,24.3,56.6,31.1,32.6,32.6,1248,0,0,0,0,599.8,0,0,0,545,0,0,0,0,0
136,2023-07-20_16:49:01,24.3,57,31.6,33.2,33.2,1248,0,0,0,0,715.3,0,0,0,548,0,0,0,0,0
137,2023-07-20_16:50:02,24.3,57.7,31.2,32.7,32.7,1242,0,0,0,0,784.3,0,0,0,551,0,0,0,0,0
138,2023-07-20_16:51:02,24.3,57.7,30.8,32.3,32.3,1228,0,0,0,0,935.9,0,0,0,554,0,0,0,0,0
139,2023-07-20_16:52:02,24.4,57.2,30.9,32.4,32.4,1225,0,0,0,0,834,0,0,0,559,0,0,0,0,0
140,2023-07-20_16:53:02,24.4,55.4,31.7,33.3,33.3,1220,0,0,0,0,764.2,0,0,0,562,0,0,0,0,0
141,2023-07-20_16:54:02,24.4,54.1,30.3,31.8,31.8,1210,0,0,0,0,715,0,0,0,566,0,0,0,0,0
142,2023-07-20_16:55:03,24.4,52.8,31.6,33.2,33.2,1206,0,0,0,0,561.6,0,0,0,566,0,0,0,0,0
143,2023-07-20_16:56:03,24.4,52.5,30.2,31.7,31.7,1200,0,0,0,0,404.9,0,0,0,584,0,0,0,0,0
144,2023-07-20_16:57:03,24.3,53.1,31.9,33.5,33.5,1190,0,0,0,0,441.3,0,0,0,569,0,0,0,0,0
145,2023-07-20_16:58:03,24.3,53.7,32.9,34.5,34.5,1184,0,0,0,0,468.9,0,0,0,577,0,0,0,0,0
146,2023-07-20_16:59:03,24.1,54.4,30.2,31.7,31.7,1181,0,0,0,0,378.1,0,0,0,576,0,0,0,0,0
147,2023-07-20_17:00:04,24.1,55.4,31,32.5,32.5,1171,0,0,0,0,280.4,0,0,0,580,0,0,0,0,0
148,2023-07-20_17:01:04,24.1,55.8,32,33.6,33.6,1167,0,0,0,0,378.2,0,0,0,582,0,0,0,0,0
149,2023-07-20_17:02:04,24.2,56.2,32.9,34.5,34.5,1161,0,0,0,0,571.6,0,0,0,591,0,0,0,0,0
150,2023-07-20_17:03:04,24.1,56.8,30.6,32.1,32.1,1155,0,0,0,0,804.5,0,0,0,600,0,0,0,0,0
151,2023-07-20_17:04:04,24.1,57.4,30.6,32.1,32.1,1155,0,0,0,0,784.6,0,0,0,593,0,0,0,0,0
152,2023-07-20_17:05:05,24.1,57.9,31.1,32.6,32.6,1150,0,0,0,0,754.9,0,0,0,595,0,0,0,0,0
153,2023-07-20_17:06:05,24.2,58.2,31,32.5,32.5,1150,0,0,0,0,915.8,0,0,0,597,0,0,0,0,0
154,2023-07-20_17:07:05,24.2,57.9,30.8,32.3,32.3,1143,0,0,0,0,1051.3,0,0,0,600,0,0,0,0,0
155,2023-07-20_17:08:05,24.2,57,30.9,32.4,32.4,1135,0,0,0,0,864.6,0,0,0,603,0,0,0,0,0
156,2023-07-20_17:09:05,24.3,55.5,31.7,33.3,33.3,1132,0,0,0,0,884.7,0,0,0,607,0,0,0,0,0
157,2023-07-20_17:10:06,24.3,54,30.7,32.2,32.2,1125,0,0,0,0,814,0,0,0,614,0,0,0,0,0
158,2023-07-20_17:11:06,24.3,53.3,32.1,33.7,33.7,1120,0,0,0,0,734.8,0,0,0,614,0,0,0,0,0
159,2023-07-20_17:12:06,24.3,52.7,29.9,31.4,31.4,1118,0,0,0,0,590.2,0,0,0,620,0,0,0,0,0
160,2023-07-20_17:13:06,24.2,53.6,30.6,32.1,32.1,1116,0,0,0,0,487.4,0,0,0,615,0,0,0,0,0
161,2023-07-20_17:14:07,24.2,54.2,31.4,33,33,1107,0,0,0,0,524.7,0,0,0,620,0,0,0,0,0
162,2023-07-20_17:15:07,24.2,54.7,30.5,32,32,1108,0,0,0,0,543.3,0,0,0,623,0,0,0,0,0
163,2023-07-20_17:16:07,24.1,55.5,30,31.5,31.5,1103,0,0,0,0,590.6,0,0,0,625,0,0,0,0,0
164,2023-07-20_17:17:07,24.1,56,30.8,32.3,32.3,1089,0,0,0,0,496.9,0,0,0,625,0,0,0,0,0
165,2023-07-20_17:18:07,24.1,56.5,30.3,31.8,31.8,1084,0,0,0,0,686.5,0,0,0,630,0,0,0,0,0
166,2023-07-20_17:19:08,24.1,56.8,30.5,31.9,31.9,1081,0,0,0,0,864.9,0,0,0,643,0,0,0,0,0
167,2023-07-20_17:20:08,24.2,57.1,32.2,33.8,33.8,1078,0,0,0,0,1104.5,0,0,0,637,0,0,0,0,0
168,2023-07-20_17:21:08,24.3,57.4,30.2,31.7,31.7,1077,0,0,0,0,1169.2,0,0,0,636,0,0,0,0,0
169,2023-07-20_17:22:08,24.3,57.6,29.5,31,31,1076,0,0,0,0,1347.2,0,0,0,642,0,0,0,0,0
170,2023-07-20_17:23:08,24.3,57.3,30.4,31.9,31.9,1073,0,0,0,0,1393,0,0,0,647,0,0,0,0,0
171,2023-07-20_17:24:09,24.4,56.1,29.8,31.3,31.3,1073,0,0,0,0,1114.4,0,0,0,647,0,0,0,0,0
172,2023-07-20_17:25:09,24.4,54.5,29.9,31.3,31.3,1070,0,0,0,0,1050.3,0,0,0,648,0,0,0,0,0
173,2023-07-20_17:26:09,24.5,52.8,30.1,31.6,31.6,1070,0,0,0,0,724.7,0,0,0,653,0,0,0,0,0
174,2023-07-20_17:27:09,24.5,52.1,29.4,30.9,30.9,1060,0,0,0,0,571,0,0,0,657,0,0,0,0,0
175,2023-07-20_17:28:09,24.4,52.1,30.9,32.4,32.4,1058,0,0,0,0,561.7,0,0,0,663,0,0,0,0,0
176,2023-07-20_17:29:10,24.3,52.8,30,31.4,31.4,1054,0,0,0,0,561.9,0,0,0,659,0,0,0,0,0
177,2023-07-20_17:30:10,24.2,53.5,28.9,30.3,30.3,1047,0,0,0,0,628.4,0,0,0,662,0,0,0,0,0
178,2023-07-20_17:31:10,24.2,54.3,29.8,31.3,31.3,1046,0,0,0,0,515.4,0,0,0,662,0,0,0,0,0
179,2023-07-20_17:32:10,24.1,54.9,29.9,31.4,31.4,1040,0,0,0,0,590.6,0,0,0,668,0,0,0,0,0
180,2023-07-20_17:33:10,24.1,55.5,30.4,31.8,31.8,1037,0,0,0,0,638.2,0,0,0,668,0,0,0,0,0
181,2023-07-20_17:34:11,24.1,56,30.3,31.8,31.8,1036,0,0,0,0,824.6,0,0,0,672,0,0,0,0,0
182,2023-07-20_17:35:11,24.1,56.5,29.4,30.9,30.9,1030,0,0,0,0,1009.3,0,0,0,682,0,0,0,0,0
183,2023-07-20_17:36:11,24.1,57.1,30.2,31.6,31.6,1022,0,0,0,0,1009.4,0,0,0,674,0,0,0,0,0
184,2023-07-20_17:37:11,24.1,57.3,30.2,31.7,31.7,1021,0,0,0,0,1202.6,0,0,0,680,0,0,0,0,0
185,2023-07-20_17:38:11,24.2,57.6,29,30.4,30.4,1018,0,0,0,0,1463.4,0,0,0,684,0,0,0,0,0
186,2023-07-20_17:39:12,24.2,57.8,28.9,30.3,30.3,1008,0,0,0,0,1618.3,0,0,0,683,0,0,0,0,0
187,2023-07-20_17:40:12,24.3,58.1,29.6,31,31,1001,0,0,0,0,1779.4,0,0,0,686,0,0,0,0,0
188,2023-07-20_17:41:12,24.3,57.5,29.9,31.4,31.4,1004,0,0,0,0,1753.9,0,0,0,691,0,0,0,0,0
189,2023-07-20_17:42:12,24.4,55.4,29.1,30.5,30.5,997,0,0,0,0,1404.4,0,0,0,695,0,0,0,0,0
190,2023-07-20_17:43:12,24.4,54.7,30,31.5,31.5,993,0,0,0,0,1071.8,0,0,0,695,0,0,0,0,0
191,2023-07-20_17:44:13,24.4,53.3,30.2,31.7,31.7,997,0,0,0,0,1018.8,0,0,0,709,0,0,0,0,0
192,2023-07-20_17:45:13,24.4,52.8,30.5,32,32,996,0,0,0,0,987.5,0,0,0,696,0,0,0,0,0
193,2023-07-20_17:46:13,24.4,52.9,28.9,30.3,30.3,989,0,0,0,0,1008.4,0,0,0,705,0,0,0,0,0
194,2023-07-20_17:47:13,24.3,53.3,30.5,32,32,985,0,0,0,0,1040.2,0,0,0,700,0,0,0,0,0
195,2023-07-20_17:48:13,24.2,53.9,28.9,30.3,30.3,987,0,0,0,0,1213.2,0,0,0,706,0,0,0,0,0
196,2023-07-20_17:49:14,24.2,54.4,29.8,31.2,31.2,984,0,0,0,0,1246.4,0,0,0,709,0,0,0,0,0
197,2023-07-20_17:50:14,24.3,54.8,30,31.5,31.5,981,0,0,0,0,1358.9,0,0,0,708,0,0,0,0,0
198,2023-07-20_17:51:14,24.2,55.4,28.9,30.3,30.3,980,0,0,0,0,1534.1,0,0,0,722,0,0,0,0,0
199,2023-07-20_17:52:14,24.2,55.9,29.3,30.7,30.7,976,0,0,0,0,1347.6,0,0,0,718,0,0,0,0,0
200,2023-07-20_17:53:14,24.2,56.4,30.3,31.8,31.8,969,0,0,0,0,1325.1,0,0,0,718,0,0,0,0,0
201,2023-07-20_17:54:15,24.2,56.8,29.3,30.7,30.7,965,0,0,0,0,1463.3,0,0,0,726,0,0,0,0,0
202,2023-07-20_17:55:15,24.2,57.2,30.5,32,32,962,0,0,0,0,1642.9,0,0,0,728,0,0,0,0,0
203,2023-07-20_17:56:15,24.3,57.5,30.2,31.6,31.6,960,0,0,0,0,1779.5,0,0,0,720,0,0,0,0,0
204,2023-07-20_17:57:15,24.3,57.7,31.1,32.6,32.6,963,0,0,0,0,1667,0,0,0,730,0,0,0,0,0
205,2023-07-20_17:58:15,24.3,57.9,30.1,31.5,31.5,955,0,0,0,0,2040.1,0,0,0,734,0,0,0,0,0
206,2023-07-20_17:59:16,24.4,58.1,28.9,30.3,30.3,957,0,0,0,0,2013.1,0,0,0,731,0,0,0,0,0
207,2023-07-20_18:00:16,24.4,57.7,29.6,31.1,31.1,951,0,0,0,0,2039.8,0,0,0,743,0,0,0,0,0
208,2023-07-20_18:01:16,24.4,56.6,29.9,31.4,31.4,954,0,0,0,0,1920.1,0,0,0,734,0,0,0,0,0
209,2023-07-20_18:02:16,24.5,54.9,30.2,31.7,31.7,951,0,0,0,0,1740.5,0,0,0,744,0,0,0,0,0
210,2023-07-20_18:03:17,24.5,53.4,29.5,30.9,30.9,952,0,0,0,0,1301.4,0,0,0,744,0,0,0,0,0
211,2023-07-20_18:04:17,24.5,52.6,29.5,30.9,30.9,949,0,0,0,0,1050.2,0,0,0,745,0,0,0,0,0
212,2023-07-20_18:05:17,24.4,53,29.6,31,31,942,0,0,0,0,1093.1,0,0,0,745,0,0,0,0,0
213,2023-07-20_18:06:17,24.3,53.5,27.7,29,29,940,0,0,0,0,1224,0,0,0,748,0,0,0,0,0
214,2023-07-20_18:07:17,24.2,54.2,28.6,30,30,938,0,0,0,0,1147.7,0,0,0,760,0,0,0,0,0
215,2023-07-20_18:08:18,24.1,55,30.6,32.1,32.1,932,0,0,0,0,1051.7,0,0,0,753,0,0,0,0,0
216,2023-07-20_18:09:18,24.1,55.4,28.5,29.9,29.9,927,0,0,0,0,1030.3,0,0,0,754,0,0,0,0,0
217,2023-07-20_18:10:18,24.1,55.8,30.8,32.3,32.3,929,0,0,0,0,1158.8,0,0,0,757,0,0,0,0,0
218,2023-07-20_18:11:18,24.2,56.3,29.9,31.4,31.4,929,0,0,0,0,1336.6,0,0,0,754,0,0,0,0,0
219,2023-07-20_18:12:18,24.1,56.7,29.3,30.8,30.8,926,0,0,0,0,1558.5,0,0,0,758,0,0,0,0,0
220,2023-07-20_18:13:19,24.2,56.9,28.3,29.7,29.7,922,0,0,0,0,1679.9,0,0,0,759,0,0,0,0,0
221,2023-07-20_18:14:19,24.2,57.2,28.5,29.9,29.9,922,0,0,0,0,1817.8,0,0,0,771,0,0,0,0,0
222,2023-07-20_18:15:19,24.2,57.6,29,30.4,30.4,916,0,0,0,0,2027.5,0,0,0,772,0,0,0,0,0
223,2023-07-20_18:16:19,24.2,58,30,31.5,31.5,905,0,0,0,0,1895.4,0,0,0,783,0,0,0,0,0
224,2023-07-20_18:17:19,24.2,58.3,28.8,30.2,30.2,908,0,0,0,0,2081.4,0,0,0,772,0,0,0,0,0
225,2023-07-20_18:18:20,24.2,57.9,29.3,30.7,30.7,904,0,0,0,0,1843.4,0,0,0,779,0,0,0,0,0
226,2023-07-20_18:19:20,24.3,56.9,29.4,30.8,30.8,904,0,0,0,0,1792,0,0,0,779,0,0,0,0,0
227,2023-07-20_18:20:20,24.3,55.4,27.7,29.1,29.1,912,0,0,0,0,1754,0,0,0,784,0,0,0,0,0
228,2023-07-20_18:21:20,24.3,53.7,28.2,29.6,29.6,916,0,0,0,0,1279.4,0,0,0,784,0,0,0,0,0
229,2023-07-20_18:22:20,24.4,52.8,30,31.4,31.4,910,0,0,0,0,1103.9,0,0,0,784,0,0,0,0,0
230,2023-07-20_18:23:21,24.3,52.9,30,31.4,31.4,906,0,0,0,0,1029.6,0,0,0,800,0,0,0,0,0
231,2023-07-20_18:24:21,24.2,53.4,28.1,29.4,29.4,905,0,0,0,0,1019.4,0,0,0,790,0,0,0,0,0
232,2023-07-20_18:25:21,24.3,53.9,28.5,29.9,29.9,905,0,0,0,0,1180.1,0,0,0,786,0,0,0,0,0
233,2023-07-20_18:26:21,24.2,54.5,28.8,30.2,30.2,898,0,0,0,0,1235.3,0,0,0,794,0,0,0,0,0
234,2023-07-20_18:27:21,24.1,55.1,28.3,29.7,29.7,895,0,0,0,0,1246.8,0,0,0,793,0,0,0,0,0
235,2023-07-20_18:28:22,24.2,55.4,28.5,29.9,29.9,891,0,0,0,0,1268.9,0,0,0,799,0,0,0,0,0
236,2023-07-20_18:29:22,24.2,55.7,29.7,31.1,31.1,890,0,0,0,0,1393.5,0,0,0,802,0,0,0,0,0
237,2023-07-20_18:30:22,24.2,56.2,29.6,31,31,884,0,0,0,0,1510.3,0,0,0,808,0,0,0,0,0
238,2023-07-20_18:31:22,24.2,56.5,29.1,30.5,30.5,888,0,0,0,0,1655.1,0,0,0,799,0,0,0,0,0
239,2023-07-20_18:32:22,24.2,56.9,28,29.4,29.4,891,0,0,0,0,1843.4,0,0,0,813,0,0,0,0,0
240,2023-07-20_18:33:23,24.3,57.1,28.7,30.1,30.1,883,0,0,0,0,1987.1,0,0,0,802,0,0,0,0,0
241,2023-07-20_18:34:23,24.2,57.6,29.4,30.9,30.9,881,0,0,0,0,1767,0,0,0,806,0,0,0,0,0
242,2023-07-20_18:35:23,24.3,57.8,27.3,28.6,28.6,878,0,0,0,0,1934.1,0,0,0,808,0,0,0,0,0
243,2023-07-20_18:36:23,24.3,58.2,28.8,30.2,30.2,871,0,0,0,0,2013.8,0,0,0,814,0,0,0,0,0
244,2023-07-20_18:37:23,24.3,57.8,28.7,30.1,30.1,869,0,0,0,0,1830.4,0,0,0,810,0,0,0,0,0
245,2023-07-20_18:38:24,24.3,56.5,28.1,29.4,29.4,870,0,0,0,0,1804.8,0,0,0,813,0,0,0,0,0
246,2023-07-20_18:39:24,24.3,55.2,28.9,30.3,30.3,876,0,0,0,0,1393.1,0,0,0,823,0,0,0,0,0
247,2023-07-20_18:40:24,24.3,53.5,28.3,29.7,29.7,874,0,0,0,0,1201.9,0,0,0,820,0,0,0,0,0
248,2023-07-20_18:41:24,24.3,52.6,27.5,28.8,28.8,872,0,0,0,0,966.9,0,0,0,819,0,0,0,0,0
249,2023-07-20_18:42:24,24.3,52.6,28.7,30.1,30.1,873,0,0,0,0,844.1,0,0,0,823,0,0,0,0,0
250,2023-07-20_18:43:25,24.3,53,28.9,30.3,30.3,876,0,0,0,0,1040.4,0,0,0,819,0,0,0,0,0
251,2023-07-20_18:44:25,24,54,28.1,29.4,29.4,870,0,0,0,0,814.8,0,0,0,822,0,0,0,0,0
252,2023-07-20_18:45:25,24,54.7,29.8,31.2,31.2,862,0,0,0,0,745.5,0,0,0,826,0,0,0,0,0
253,2023-07-20_18:46:25,24,55.2,27.8,29.2,29.2,860,0,0,0,0,926.5,0,0,0,836,0,0,0,0,0
254,2023-07-20_18:47:25,24,55.7,26.9,28.2,28.2,855,0,0,0,0,1062.6,0,0,0,839,0,0,0,0,0
255,2023-07-20_18:48:26,24,56.2,29,30.4,30.4,849,0,0,0,0,1225.3,0,0,0,827,0,0,0,0,0
256,2023-07-20_18:49:26,24,56.6,28.2,29.6,29.6,847,0,0,0,0,1281,0,0,0,837,0,0,0,0,0
257,2023-07-20_18:50:26,24,56.9,28.8,30.2,30.2,849,0,0,0,0,1371.6,0,0,0,843,0,0,0,0,0
258,2023-07-20_18:51:26,24,57.2,28.3,29.7,29.7,848,0,0,0,0,1511.4,0,0,0,842,0,0,0,0,0
259,2023-07-20_18:52:27,24,57.5,27.2,28.5,28.5,843,0,0,0,0,1487.6,0,0,0,847,0,0,0,0,0
260,2023-07-20_18:53:27,24,58,28.5,29.9,29.9,840,0,0,0,0,1452.6,0,0,0,855,0,0,0,0,0
261,2023-07-20_18:54:27,24,58.2,29,30.5,30.5,842,0,0,0,0,1535.1,0,0,0,850,0,0,0,0,0
262,2023-07-20_18:55:27,24.1,58.5,27.7,29.1,29.1,841,0,0,0,0,1570.9,0,0,0,845,0,0,0,0,0
263,2023-07-20_18:56:27,24.1,58.9,28.1,29.5,29.5,842,0,0,0,0,1570.9,0,0,0,849,0,0,0,0,0
264,2023-07-20_18:57:28,24.1,58.9,26.7,28,28,841,0,0,0,0,1522.8,0,0,0,856,0,0,0,0,0
265,2023-07-20_18:58:28,24.1,58.5,27.9,29.2,29.2,843,0,0,0,0,1534.8,0,0,0,851,0,0,0,0,0
266,2023-07-20_18:59:28,24.2,57.2,28.7,30,30,841,0,0,0,0,1463.6,0,0,0,860,0,0,0,0,0
267,2023-07-20_19:00:28,24.2,55.8,28.4,29.7,29.7,835,0,0,0,0,1235.4,0,0,0,868,0,0,0,0,0
268,2023-07-20_19:01:28,24.2,54.1,28.8,30.2,30.2,836,0,0,0,0,1040.5,0,0,0,862,0,0,0,0,0
269,2023-07-20_19:02:29,24.2,53,27.4,28.8,28.8,832,0,0,0,0,854.5,0,0,0,881,0,0,0,0,0
270,2023-07-20_19:03:29,24.3,52.8,27.8,29.1,29.1,837,0,0,0,0,854.4,0,0,0,864,0,0,0,0,0
271,2023-07-20_19:04:29,24.2,53.2,28,29.4,29.4,840,0,0,0,0,784.5,0,0,0,863,0,0,0,0,0
272,2023-07-20_19:05:29,24.1,54.1,26.8,28.1,28.1,837,0,0,0,0,926.3,0,0,0,866,0,0,0,0,0
273,2023-07-20_19:06:29,23.9,54.8,26.8,28.1,28.1,836,0,0,0,0,845.2,0,0,0,866,0,0,0,0,0
274,2023-07-20_19:07:30,24,55.2,27.5,28.8,28.8,827,0,0,0,0,916.4,0,0,0,878,0,0,0,0,0
275,2023-07-20_19:08:30,23.9,55.7,26.9,28.2,28.2,829,0,0,0,0,988.9,0,0,0,872,0,0,0,0,0
276,2023-07-20_19:09:30,24,56.1,28.4,29.8,29.8,827,0,0,0,0,988.9,0,0,0,883,0,0,0,0,0
277,2023-07-20_19:10:30,23.9,56.6,27.4,28.7,28.7,828,0,0,0,0,1236.5,0,0,0,879,0,0,0,0,0
278,2023-07-20_19:11:30,24,56.9,28.9,30.3,30.3,820,0,0,0,0,1394.7,0,0,0,880,0,0,0,0,0
279,2023-07-20_19:12:31,24,57.3,27.6,29,29,824,0,0,0,0,1452.6,0,0,0,879,0,0,0,0,0
280,2023-07-20_19:13:31,24,57.6,28.5,29.9,29.9,820,0,0,0,0,1383.2,0,0,0,883,0,0,0,0,0
281,2023-07-20_19:14:31,24,57.7,27.9,29.2,29.2,815,0,0,0,0,1325.9,0,0,0,882,0,0,0,0,0
282,2023-07-20_19:15:31,24,58.3,26.2,27.5,27.5,812,0,0,0,0,1337.4,0,0,0,885,0,0,0,0,0
283,2023-07-20_19:16:31,24,58.5,28.7,30.1,30.1,810,0,0,0,0,1326,0,0,0,892,0,0,0,0,0
284,2023-07-20_19:17:32,24,59,26.8,28.1,28.1,807,0,0,0,0,1337.5,0,0,0,884,0,0,0,0,0
285,2023-07-20_19:18:32,23.9,59.3,27.2,28.5,28.5,813,0,0,0,0,1314.9,0,0,0,893,0,0,0,0,0
286,2023-07-20_19:19:32,23.9,59.5,28.2,29.6,29.6,813,0,0,0,0,1314.9,0,0,0,896,0,0,0,0,0
287,2023-07-20_19:20:32,23.9,59.4,28,29.4,29.4,812,0,0,0,0,1292.6,0,0,0,892,0,0,0,0,0
288,2023-07-20_19:21:32,24,58.4,26.2,27.5,27.5,807,0,0,0,0,999.3,0,0,0,896,0,0,0,0,0
289,2023-07-20_19:22:33,24,56.7,26.2,27.5,27.5,809,0,0,0,0,967.8,0,0,0,898,0,0,0,0,0
290,2023-07-20_19:23:33,24.1,55.3,27.9,29.2,29.2,808,0,0,0,0,905.8,0,0,0,909,0,0,0,0,0
291,2023-07-20_19:24:33,24.1,53.3,25.3,26.5,26.5,812,0,0,0,0,657.5,0,0,0,904,0,0,0,0,0
292,2023-07-20_19:25:33,24.1,53.1,27.1,28.4,28.4,811,0,0,0,0,638.2,0,0,0,906,0,0,0,0,0
293,2023-07-20_19:26:33,24,53.8,25.4,26.7,26.7,807,0,0,0,0,755.1,0,0,0,901,0,0,0,0,0
294,2023-07-20_19:27:34,24,54.3,26.8,28.1,28.1,807,0,0,0,0,835.1,0,0,0,909,0,0,0,0,0
295,2023-07-20_19:28:34,23.9,55,28,29.4,29.4,807,0,0,0,0,825.1,0,0,0,907,0,0,0,0,0
296,2023-07-20_19:29:34,23.9,55.5,26.6,27.9,27.9,806,0,0,0,0,795.2,0,0,0,910,0,0,0,0,0
297,2023-07-20_19:30:34,23.9,56.1,27.2,28.5,28.5,799,0,0,0,0,825.3,0,0,0,923,0,0,0,0,0
298,2023-07-20_19:31:34,23.8,56.5,26.5,27.7,27.7,797,0,0,0,0,855.6,0,0,0,910,0,0,0,0,0
299,2023-07-20_19:32:35,23.9,56.8,27.2,28.6,28.6,795,0,0,0,0,947.6,0,0,0,927,0,0,0,0,0
300,2023-07-20_19:33:35,23.8,57.3,26.5,27.8,27.8,793,0,0,0,0,978.8,0,0,0,911,0,0,0,0,0
301,2023-07-20_19:34:35,23.8,57.7,26.7,28,28,792,0,0,0,0,968.4,0,0,0,918,0,0,0,0,0
302,2023-07-20_19:35:35,23.9,58,27.2,28.5,28.5,788,0,0,0,0,968.3,0,0,0,916,0,0,0,0,0
303,2023-07-20_19:36:35,23.8,58.3,26,27.3,27.3,792,0,0,0,0,1116.6,0,0,0,919,0,0,0,0,0
304,2023-07-20_19:37:36,23.9,58.6,26.7,28,28,783,0,0,0,0,1159.8,0,0,0,922,0,0,0,0,0
305,2023-07-20_19:38:36,23.9,58.7,26.1,27.4,27.4,788,0,0,0,0,1349,0,0,0,922,0,0,0,0,0
306,2023-07-20_19:39:36,24,58.8,26.1,27.4,27.4,790,0,0,0,0,1452.7,0,0,0,930,0,0,0,0,0
307,2023-07-20_19:40:36,24,59.1,26.2,27.5,27.5,788,0,0,0,0,1547.4,0,0,0,931,0,0,0,0,0
308,2023-07-20_19:41:36,24,59.3,26.7,28,28,785,0,0,0,0,1487.9,0,0,0,926,0,0,0,0,0
309,2023-07-20_19:42:37,24,58.9,27.3,28.6,28.6,788,0,0,0,0,1406.3,0,0,0,932,0,0,0,0,0
310,2023-07-20_19:43:37,24.1,57.7,26.8,28.1,28.1,785,0,0,0,0,1224.9,0,0,0,933,0,0,0,0,0
311,2023-07-20_19:44:37,24.1,56,26.1,27.3,27.3,781,0,0,0,0,1126.5,0,0,0,940,0,0,0,0,0
312,2023-07-20_19:45:37,24.1,54.5,26.8,28.1,28.1,784,0,0,0,0,905.8,0,0,0,933,0,0,0,0,0
313,2023-07-20_19:46:38,24.1,53.9,27.5,28.8,28.8,784,0,0,0,0,864.9,0,0,0,946,0,0,0,0,0
314,2023-07-20_19:47:38,24.1,54,26.4,27.7,27.7,780,0,0,0,0,834.7,0,0,0,937,0,0,0,0,0
315,2023-07-20_19:48:38,24.1,54.4,28.9,30.3,30.3,779,0,0,0,0,875.2,0,0,0,944,0,0,0,0,0
316,2023-07-20_19:49:38,24,55,27,28.3,28.3,780,0,0,0,0,875.5,0,0,0,945,0,0,0,0,0
317,2023-07-20_19:50:38,23.9,55.6,28,29.3,29.3,786,0,0,0,0,865.4,0,0,0,943,0,0,0,0,0
318,2023-07-20_19:51:39,23.9,56,25.6,26.9,26.9,784,0,0,0,0,906.3,0,0,0,946,0,0,0,0,0
319,2023-07-20_19:52:39,23.9,56.4,26.7,28,28,782,0,0,0,0,916.5,0,0,0,944,0,0,0,0,0
320,2023-07-20_19:53:39,23.9,56.8,28,29.3,29.3,774,0,0,0,0,968.2,0,0,0,960,0,0,0,0,0
321,2023-07-20_19:54:39,23.9,57.2,25.6,26.9,26.9,773,0,0,0,0,1020.6,0,0,0,947,0,0,0,0,0
322,2023-07-20_19:55:39,23.8,57.7,26.3,27.6,27.7,772,0,0,0,0,1010.2,0,0,0,969,0,0,0,0,0
323,2023-07-20_19:56:40,23.9,57.9,26.4,27.6,27.6,769,0,0,0,0,1009.9,0,0,0,950,0,0,0,0,0
324,2023-07-20_19:57:40,23.9,58.2,25.7,27,27,775,0,0,0,0,1127.2,0,0,0,962,0,0,0,0,0
325,2023-07-20_19:58:40,23.8,58.8,25.2,26.5,26.5,774,0,0,0,0,1095.1,0,0,0,962,0,0,0,0,0
326,2023-07-20_19:59:40,23.9,58.9,27.3,28.6,28.6,768,0,0,0,0,1010.1,0,0,0,961,0,0,0,0,0
327,2023-07-20_20:00:40,23.9,59.2,25.4,26.6,26.6,764,0,0,0,0,999.6,0,0,0,968,0,0,0,0,0
328,2023-07-20_20:01:41,23.9,59.5,25.9,27.2,27.2,767,0,0,0,0,999.5,0,0,0,969,0,0,0,0,0
329,2023-07-20_20:02:41,23.9,59.5,26.7,28,28,767,0,0,0,0,1031,0,0,0,978,0,0,0,0,0
330,2023-07-20_20:03:41,24,59.7,26.4,27.6,27.6,769,0,0,0,0,1192.2,0,0,0,965,0,0,0,0,0
331,2023-07-20_20:04:41,23.9,60.3,24.6,25.8,25.8,764,0,0,0,0,1214.6,0,0,0,969,0,0,0,0,0
332,2023-07-20_20:05:41,23.9,59.4,26.6,27.9,27.9,767,0,0,0,0,978.7,0,0,0,971,0,0,0,0,0
333,2023-07-20_20:06:42,23.9,58.2,26.3,27.6,27.6,762,0,0,0,0,926.7,0,0,0,976,0,0,0,0,0
334,2023-07-20_20:07:42,18.9,56.2,27,28.4,28.4,761,0,0,0,0,839,0,0,0,971,0,0,0,0,0
335,2023-07-20_20:08:42,24,54.7,25.8,27,27,760,0,0,0,0,735.4,0,0,0,977,0,0,0,0,0
336,2023-07-20_20:09:42,24,54.2,26.7,28,28,764,0,0,0,0,581.2,0,0,0,984,0,0,0,0,0
337,2023-07-20_20:10:42,24,54.4,25.6,26.8,26.8,764,0,0,0,0,706.1,0,0,0,978,0,0,0,0,0
338,2023-07-20_20:11:43,24,54.9,25,26.3,26.3,762,0,0,0,0,755.3,0,0,0,984,0,0,0,0,0
339,2023-07-20_20:12:43,23.9,55.4,25.3,26.6,26.6,762,0,0,0,0,706.5,0,0,0,981,0,0,0,0,0
340,2023-07-20_20:13:43,23.9,56,25.7,26.9,26.9,763,0,0,0,0,755.5,0,0,0,984,0,0,0,0,0
341,2023-07-20_20:14:43,23.9,56.3,24.7,25.9,25.9,766,0,0,0,0,775.3,0,0,0,985,0,0,0,0,0
342,2023-07-20_20:15:43,23.9,56.7,27.2,28.5,28.5,761,0,0,0,0,845.3,0,0,0,986,0,0,0,0,0
343,2023-07-20_20:16:44,23.9,57.2,26.3,27.6,27.6,763,0,0,0,0,947.5,0,0,0,996,0,0,0,0,0
344,2023-07-20_20:17:44,23.9,57.5,26.1,27.4,27.4,757,0,0,0,0,999.6,0,0,0,987,0,0,0,0,0
345,2023-07-20_20:18:44,23.9,57.7,26.8,28.1,28.1,748,0,0,0,0,989,0,0,0,1014,0,0,0,0,0
346,2023-07-20_20:19:44,23.9,58.3,25.2,26.4,26.4,754,0,0,0,0,989.2,0,0,0,997,0,0,0,0,0
347,2023-07-20_20:20:44,23.8,58.8,26.5,27.8,27.8,758,0,0,0,0,968.5,0,0,0,990,0,0,0,0,0
348,2023-07-20_20:21:45,23.8,58.8,25.8,27,27,755,0,0,0,0,927,0,0,0,999,0,0,0,0,0
349,2023-07-20_20:22:45,23.9,58.9,25.3,26.5,26.5,756,0,0,0,0,1084.2,0,0,0,997,0,0,0,0,0
350,2023-07-20_20:23:45,23.8,59.4,25,26.3,26.3,752,0,0,0,0,1127.4,0,0,0,1002,0,0,0,0,0
351,2023-07-20_20:24:45,23.8,59.8,25,26.2,26.2,755,0,0,0,0,1084.5,0,0,0,999,0,0,0,0,0
352,2023-07-20_20:25:45,23.7,60.3,26.1,27.4,27.4,750,0,0,0,0,906.8,0,0,0,1013,0,0,0,0,0
353,2023-07-20_20:26:46,23.8,60.2,25.3,26.6,26.6,754,0,0,0,0,855.6,0,0,0,1003,0,0,0,0,0
354,2023-07-20_20:27:46,23.9,60.1,25.6,26.8,26.8,758,0,0,0,0,896.1,0,0,0,1008,0,0,0,0,0
355,2023-07-20_20:28:46,23.9,59.1,25.5,26.7,26.7,756,0,0,0,0,1041.5,0,0,0,1008,0,0,0,0,0
356,2023-07-20_20:29:46,24,57.3,24.7,25.9,25.9,753,0,0,0,0,1009.7,0,0,0,1007,0,0,0,0,0
357,2023-07-20_20:30:46,24,55.5,25.6,26.9,26.9,746,0,0,0,0,855.1,0,0,0,1006,0,0,0,0,0
358,2023-07-20_20:31:47,24.1,54.2,26,27.3,27.3,746,0,0,0,0,581.2,0,0,0,1015,0,0,0,0,0
359,2023-07-20_20:32:47,24,53.9,25.6,26.9,26.9,749,0,0,0,0,543.6,0,0,0,1019,0,0,0,0,0
360,2023-07-20_20:33:47,23.9,54.4,25.6,26.8,26.8,746,0,0,0,0,534.4,0,0,0,1015,0,0,0,0,0
361,2023-07-20_20:34:47,23.7,55.2,24.5,25.7,25.7,741,0,0,0,0,387.6,0,0,0,1018,0,0,0,0,0
362,2023-07-20_20:35:47,23.8,55.6,26.6,27.9,27.9,745,0,0,0,0,488.1,0,0,0,1014,0,0,0,0,0
363,2023-07-20_20:36:48,23.8,55.9,25.7,27,27,744,0,0,0,0,591.2,0,0,0,1013,0,0,0,0,0
364,2023-07-20_20:37:48,23.7,56.4,24.8,26,26,747,0,0,0,0,658.3,0,0,0,1023,0,0,0,0,0
365,2023-07-20_20:38:48,23.8,56.9,25.7,26.9,26.9,746,0,0,0,0,658.2,0,0,0,1021,0,0,0,0,0
366,2023-07-20_20:39:48,23.8,57.1,26,27.2,27.2,745,0,0,0,0,706.7,0,0,0,1029,0,0,0,0,0
367,2023-07-20_20:40:48,23.8,57.4,24.7,25.9,25.9,744,0,0,0,0,835.5,0,0,0,1023,0,0,0,0,0
368,2023-07-20_20:41:49,23.8,57.8,24.2,25.4,25.4,742,0,0,0,0,999.8,0,0,0,1021,0,0,0,0,0
369,2023-07-20_20:42:49,23.7,58.3,26.3,27.6,27.6,739,0,0,0,0,917.1,0,0,0,1026,0,0,0,0,0
370,2023-07-20_20:43:49,23.7,58.7,25.4,26.6,26.6,736,0,0,0,0,845.9,0,0,0,1024,0,0,0,0,0
371,2023-07-20_20:44:49,23.7,59,24.5,25.7,25.7,739,0,0,0,0,815.6,0,0,0,1024,0,0,0,0,0
372,2023-07-20_20:45:50,23.8,59.1,25.1,26.3,26.3,736,0,0,0,0,876.1,0,0,0,1031,0,0,0,0,0
373,2023-07-20_20:46:50,23.7,59.5,25.7,26.9,26.9,730,0,0,0,0,917.2,0,0,0,1039,0,0,0,0,0
374,2023-07-20_20:47:50,23.7,59.9,24,25.2,25.2,726,0,0,0,0,845.9,0,0,0,1033,0,0,0,0,0
375,2023-07-20_20:48:50,23.6,60.1,25.8,27,27,733,0,0,0,0,805.8,0,0,0,1050,0,0,0,0,0
376,2023-07-20_20:49:50,23.6,60.6,24.2,25.4,25.4,733,0,0,0,0,726.7,0,0,0,1035,0,0,0,0,0
377,2023-07-20_20:50:51,23.7,60.6,25.2,26.4,26.4,732,0,0,0,0,736.3,0,0,0,1038,0,0,0,0,0
378,2023-07-20_20:51:51,23.5,61.3,24.8,26,26,733,0,0,0,0,601.3,0,0,0,1038,0,0,0,0,0
379,2023-07-20_20:52:51,23.5,61.4,23.5,24.7,24.7,737,0,0,0,0,591.7,0,0,0,1035,0,0,0,0,0
380,2023-07-20_20:53:51,23.5,60.7,24.2,25.4,25.4,737,0,0,0,0,433.4,0,0,0,1038,0,0,0,0,0
381,2023-07-20_20:54:51,23.6,59.2,25,26.2,26.2,736,0,0,0,0,469.9,0,0,0,1046,0,0,0,0,0
382,2023-07-20_20:55:52,23.7,57.5,25,26.2,26.2,731,0,0,0,0,544.2,0,0,0,1051,0,0,0,0,0
383,2023-07-20_20:56:52,23.7,56.1,25.1,26.4,26.4,732,0,0,0,0,479,0,0,0,1043,0,0,0,0,0
384,2023-07-20_20:57:52,23.8,55.4,23.7,24.9,24.9,734,0,0,0,0,506.7,0,0,0,1046,0,0,0,0,0
385,2023-07-20_20:58:52,23.8,54.9,23.4,24.8,25,739,0,0,0,0,506.7,0,0,0,1052,0,0,0,0,0
386,2023-07-20_20:59:52,23.7,55.7,23.1,24.3,24.3,733,0,0,0,0,469.8,0,0,0,1047,0,0,0,0,0
387,2023-07-20_21:00:53,23.7,56.1,24.8,26,26,733,0,0,0,0,479,0,0,0,1055,0,0,0,0,0
388,2023-07-20_21:01:53,23.6,56.6,25.9,27.1,27.1,726,0,0,0,0,497.6,0,0,0,1049,0,0,0,0,0
389,2023-07-20_21:02:53,23.7,56.9,24.2,25.3,25.3,726,0,0,0,0,516.1,0,0,0,1061,0,0,0,0,0
390,2023-07-20_21:03:53,23.7,57.3,25.1,26.3,26.3,723,0,0,0,0,544.2,0,0,0,1054,0,0,0,0,0
391,2023-07-20_21:04:53,23.6,57.7,24.5,25.7,25.7,725,0,0,0,0,668.1,0,0,0,1054,0,0,0,0,0
392,2023-07-20_21:05:54,23.6,58.2,25.7,26.9,26.9,722,0,0,0,0,658.6,0,0,0,1058,0,0,0,0,0
393,2023-07-20_21:06:54,23.7,58.2,25.1,26.3,26.3,723,0,0,0,0,620,0,0,0,1053,0,0,0,0,0
394,2023-07-20_21:07:54,23.6,58.8,24.5,25.7,25.7,725,0,0,0,0,620.2,0,0,0,1059,0,0,0,0,0
395,2023-07-20_21:08:54,23.5,59.5,22.7,23.8,23.8,723,0,0,0,0,591.7,0,0,0,1060,0,0,0,0,0
396,2023-07-20_21:09:54,23.4,59.9,24.3,25.5,25.5,719,0,0,0,0,442.6,0,0,0,1058,0,0,0,0,0
397,2023-07-20_21:10:55,18.3,60.3,24.9,26.1,26.1,716,0,0,0,0,450.2,0,0,0,1068,0,0,0,0,0
398,2023-07-20_21:11:55,23.5,60.5,23.8,25,25,714,0,0,0,0,442.6,0,0,0,1072,0,0,0,0,0
399,2023-07-20_21:12:55,23.4,60.8,25.2,26.4,26.4,716,0,0,0,0,461,0,0,0,1064,0,0,0,0,0
400,2023-07-20_21:13:55,23.4,61.2,24,25.2,25.2,715,0,0,0,0,451.9,0,0,0,1081,0,0,0,0,0
401,2023-07-20_21:14:56,23.4,61.5,24.3,25.5,25.5,713,0,0,0,0,424.4,0,0,0,1070,0,0,0,0,0
402,2023-07-20_21:15:56,23.4,61.5,24.5,25.7,25.7,712,0,0,0,0,433.5,0,0,0,1071,0,0,0,0,0
403,2023-07-20_21:16:56,23.4,61.8,23,24.1,24.1,714,0,0,0,0,442.7,0,0,0,1069,0,0,0,0,0
404,2023-07-20_21:17:56,23.2,62.4,23,24.1,24.1,714,0,0,0,0,379.2,0,0,0,1073,0,0,0,0,0
405,2023-07-20_21:18:56,23.3,62.4,23.5,24.7,24.7,715,0,0,0,0,325.4,0,0,0,1073,0,0,0,0,0
406,2023-07-20_21:19:57,23.3,61.4,24.8,26,26,709,0,0,0,0,325.4,0,0,0,1080,0,0,0,0,0
407,2023-07-20_21:20:57,23.4,60.2,24.6,25.8,25.8,705,0,0,0,0,316.3,0,0,0,1081,0,0,0,0,0
408,2023-07-20_21:21:57,23.5,58.4,23.4,24.7,24.8,702,0,0,0,0,343,0,0,0,1079,0,0,0,0,0
409,2023-07-20_21:22:57,18.4,55.7,22.8,23.9,23.9,710,0,0,0,0,339.8,0,0,0,1092,0,0,0,0,0
410,2023-07-20_21:23:57,23.4,56,22.9,24,24,739,0,0,0,0,272.2,0,0,0,1080,0,0,0,0,0
